FD_Set,RMSE,MAE,R2_Score,Accuracy(%)
FD001,43.47993234357158,34.06418228149414,0.36248743534088135,85.97421537304143
