FD_Set,RMSE,MAE,R2_Score,Accuracy(%)
FD001,37.508120865478915,26.795114517211914,0.727524995803833,87.90060617242615
